"Apple ID Number","Apple ID","Create Date","Prefix","First Name","Middle Name","Last Name","Nickname","Title","Suffix","Gender","Language","Last Update Date","Phonetic Prefix","Phonetic First Name","Phonetic Middle Name","Phonetic Last Name","Phonetic Nickname","Phonetic Title","Phonetic Suffix","Legal Name","TimeZone","Company Name","Apple ID Alias","Organization Name","Last Password Change Date","Trusted Devices","Trusted Phone Numbers 1","Trusted Phone Numbers 2","iMessage Phone","Emails","iCloud Mail Aliases","Phones","Official Address","Residence Address","Mailing Address","Shipping Address","Billing Address","Payment Type","Billing Info Prefix","Billing Info First Name","Billing Info Last Name","Billing Info Suffix","Billing Info Phonetic First Name","Billing Info Phonetic Last Name","Shipping Info Prefix","Shipping Info First Name","Shipping Info Last Name","Shipping Info Suffix","Shipping Info Phonetic First Name","Shipping Info Phonetic Last Name","App Store Announcements and Offers","Apps, Music, Movies, and More","Apple News Updates","Apple Music","Beats Email Subscription","Teacher Engagement Program","Apple Survey","Share iCloud Analytics","Compliance Phone","Family Sharing","Third Party Email Permission","Apple Store App Communications","Recovery Contacts","Recovery ID","Recovery Initiated Device Class","Recovery Initiated Device Locale","Recovery Initiated Client IP","Beneficiary Contacts","AppleCare+ Communications","Advanced Data Protection","iCloud Data Access Web Enabled","iCloud Data Access Timestamp","Advanced Data Protection - Device IP Address","Advanced Data Protection - Device Name","Advanced Data Protection - Device Serial Number","Automatic CAPTCHA Verification"
"20844858188","e************@gmail.com","2022-12-24 18:22:04.948","N/A","eslam","N/A","gharib","eslam","N/A","N/A","N/A","US-EN","2023-01-07 09:27:20.875","N/A","N/A","N/A","N/A","N/A","N/A","N/A","N/A","N/A","N/A","N/A","N/A","2023-01-07 09:26:36.178","N/A","N/A","**********05","N/A","e************@gmail.com","N/A","N/A","EGY","N/A","N/A","N/A","N/A","N/A","N/A","eslam","gharib","N/A","N/A","N/A","N/A","N/A","N/A","N/A","N/A","N/A","ON","ON","OFF","OFF","OFF","OFF","OFF","N/A","N/A","OFF","OFF","OFF","N/A","N/A","N/A","N/A","N/A","N/A","OFF","N/A","N/A","N/A","N/A","N/A","N/A","ON"
"20844858188","e************@gmail.com","2022-12-24 18:22:04.948","N/A","eslam","N/A","gharib","eslam","N/A","N/A","N/A","US-EN","2022-12-24 18:36:16.816","N/A","N/A","N/A","N/A","N/A","N/A","N/A","N/A","N/A","N/A","N/A","N/A","2022-12-24 18:34:37.337","N/A","N/A","**********05","N/A","e************@gmail.com","N/A","N/A","EGY","N/A","N/A","N/A","N/A","N/A","N/A","N/A","N/A","N/A","N/A","N/A","N/A","N/A","N/A","N/A","N/A","N/A","ON","ON","OFF","OFF","OFF","OFF","N/A","OFF","N/A","N/A","OFF","OFF","N/A","N/A","N/A","N/A","N/A","N/A","OFF","N/A","N/A","N/A","N/A","N/A","N/A","OFF"
"20844858188","e************@gmail.com","2022-12-24 18:22:04.948","N/A","eslam","N/A","gharib","eslam","N/A","N/A","N/A","US-EN","2022-12-24 18:36:16.816","N/A","N/A","N/A","N/A","N/A","N/A","N/A","N/A","N/A","N/A","N/A","N/A","2023-01-07 09:26:36.178","N/A","N/A","**********05","N/A","e************@gmail.com","N/A","N/A","EGY","N/A","N/A","N/A","N/A","N/A","N/A","N/A","N/A","N/A","N/A","N/A","N/A","N/A","N/A","N/A","N/A","N/A","ON","ON","OFF","OFF","OFF","OFF","N/A","OFF","N/A","N/A","OFF","OFF","N/A","N/A","N/A","N/A","N/A","N/A","OFF","N/A","N/A","N/A","N/A","N/A","N/A","OFF"
"20844858188","e************@gmail.com","2022-12-24 18:22:04.948","N/A","eslam","N/A","gharib","eslam","N/A","N/A","N/A","US-EN","2022-12-24 18:23:42.799","N/A","N/A","N/A","N/A","N/A","N/A","N/A","N/A","N/A","N/A","N/A","N/A","2022-12-24 18:22:04.955","N/A","N/A","**********05","N/A","e************@gmail.com","N/A","N/A","EGY","N/A","N/A","N/A","N/A","N/A","N/A","N/A","N/A","N/A","N/A","N/A","N/A","N/A","N/A","N/A","N/A","N/A","ON","ON","OFF","OFF","OFF","OFF","N/A","OFF","N/A","N/A","OFF","OFF","N/A","N/A","N/A","N/A","N/A","N/A","OFF","N/A","N/A","N/A","N/A","N/A","N/A","OFF"
"20844858188","e************@gmail.com","2022-12-24 18:22:04.948","N/A","eslam","N/A","gharib","eslam","N/A","N/A","N/A","US-EN","2022-12-24 18:23:42.799","N/A","N/A","N/A","N/A","N/A","N/A","N/A","N/A","N/A","N/A","N/A","N/A","2022-12-24 18:34:37.337","N/A","N/A","**********05","N/A","e************@gmail.com","N/A","N/A","EGY","N/A","N/A","N/A","N/A","N/A","N/A","N/A","N/A","N/A","N/A","N/A","N/A","N/A","N/A","N/A","N/A","N/A","ON","ON","OFF","OFF","OFF","OFF","N/A","OFF","N/A","N/A","OFF","OFF","N/A","N/A","N/A","N/A","N/A","N/A","OFF","N/A","N/A","N/A","N/A","N/A","N/A","OFF"
"20844858188","e************@gmail.com","2022-12-24 18:22:04.948","N/A","eslam","N/A","gharib","eslam","N/A","N/A","N/A","US-EN","2022-12-24 18:22:04.948","N/A","N/A","N/A","N/A","N/A","N/A","N/A","N/A","N/A","N/A","N/A","N/A","2022-12-24 18:22:04.955","N/A","N/A","**********05","N/A","e************@gmail.com","N/A","N/A","EGY","N/A","N/A","N/A","N/A","N/A","N/A","N/A","N/A","N/A","N/A","N/A","N/A","N/A","N/A","N/A","N/A","N/A","ON","ON","OFF","OFF","OFF","OFF","N/A","OFF","N/A","N/A","OFF","OFF","N/A","N/A","N/A","N/A","N/A","N/A","OFF","N/A","N/A","N/A","N/A","N/A","N/A","OFF"
